ID,Name,PhotoUrl
346182747,Claudia Hoffman,https://randomuser.me/api/portraits/women/82.jpg
957331651,Martin Mendoza,https://randomuser.me/api/portraits/men/17.jpg
982599706,Ethan Sullivan,https://randomuser.me/api/portraits/men/8.jpg
941592327,Kent Clark,https://randomuser.me/api/portraits/men/50.jpg
475852287,Nicole Crawford,https://randomuser.me/api/portraits/women/91.jpg
355394618,Jon Robinson,https://randomuser.me/api/portraits/men/54.jpg
372765474,Jeanne Robinson,https://randomuser.me/api/portraits/women/36.jpg
192796133,Mildred Evans,https://randomuser.me/api/portraits/women/90.jpg
507510585,Dan Banks,https://randomuser.me/api/portraits/men/17.jpg
71015383,Tina Duncan,https://randomuser.me/api/portraits/women/71.jpg
